index,kind,axis,clock,t_start_s,t_end_s,duration_s,speed_mms,axis_speed_mms,elec_hz,full_step_hz,motor_rev_s,accel_mms2,stroke_mm,strokes,cruise_pct,db_a,notes
1,baseline,-,0:55,54.76,64.76,10.0,,,,,,,,0,,,start
2,modeab,X,1:08,68.04,76.05,8.01,30.0,30.0,46.88,187.5,0.938,4000,240.0,1,100,,phase stepping off
3,modeab,X,1:18,78.11,86.12,8.01,30.0,30.0,46.88,187.5,0.938,4000,240.0,1,100,,phase stepping on
4,modeab,X,1:28,88.18,96.21,8.03,60.0,60.0,93.75,375.0,1.875,4000,240.0,2,99,,phase stepping off
5,modeab,X,1:38,98.27,106.3,8.03,60.0,60.0,93.75,375.0,1.875,4000,240.0,2,99,,phase stepping on
6,modeab,X,1:48,108.36,115.63,7.27,100.0,100.0,156.25,625.0,3.125,4000,240.0,3,98,,phase stepping off
7,modeab,X,1:58,117.69,124.97,7.27,100.0,100.0,156.25,625.0,3.125,4000,240.0,3,98,,phase stepping on
8,modeab,X,2:07,127.03,133.58,6.55,150.0,150.0,234.38,937.5,4.688,4000,240.0,4,95,,phase stepping off
9,modeab,X,2:16,135.64,142.19,6.55,150.0,150.0,234.38,937.5,4.688,4000,240.0,4,95,,phase stepping on
10,modeab,Y,2:26,145.84,152.51,6.67,30.0,30.0,46.88,187.5,0.938,4000,200.0,1,100,,phase stepping off
11,modeab,Y,2:35,154.57,161.24,6.67,30.0,30.0,46.88,187.5,0.938,4000,200.0,1,100,,phase stepping on
12,modeab,Y,2:43,163.3,170.0,6.7,60.0,60.0,93.75,375.0,1.875,4000,200.0,2,99,,phase stepping off
13,modeab,Y,2:52,172.06,178.76,6.7,60.0,60.0,93.75,375.0,1.875,4000,200.0,2,99,,phase stepping on
14,modeab,Y,3:01,180.82,186.89,6.08,100.0,100.0,156.25,625.0,3.125,4000,200.0,3,98,,phase stepping off
15,modeab,Y,3:09,188.95,195.03,6.08,100.0,100.0,156.25,625.0,3.125,4000,200.0,3,98,,phase stepping on
16,modeab,Y,3:17,197.09,202.57,5.48,150.0,150.0,234.38,937.5,4.688,4000,200.0,4,95,,phase stepping off
17,modeab,Y,3:25,204.63,210.11,5.48,150.0,150.0,234.38,937.5,4.688,4000,200.0,4,95,,phase stepping on
18,baseline,-,3:32,212.17,222.17,10.0,,,,,,,,0,,,end
