axis,speed_mms,phase stepping off (dB),"on, no correction (dB)","on, calibrated (dB)",drive_mode_dB,correction_dB,net_dB
X,30,34.82,35.75,34.12,+0.92,-1.63,-0.70
X,40,35.28,36.71,34.42,+1.43,-2.28,-0.85
X,50,37.53,37.88,35.42,+0.35,-2.46,-2.11
X,60,36.13,36.45,36.53,+0.32,+0.08,+0.40
X,70,34.99,37.03,37.54,+2.04,+0.51,+2.55
X,80,38.51,40.70,40.01,+2.19,-0.69,+1.50
X,90,38.11,42.01,41.21,+3.90,-0.81,+3.09
X,100,41.39,43.33,42.33,+1.94,-1.00,+0.94
X,120,40.61,43.16,42.91,+2.55,-0.25,+2.30
X,140,41.79,43.75,43.30,+1.97,-0.46,+1.51
X,160,45.63,43.72,46.52,-1.91,+2.80,+0.89
X,180,47.45,47.42,47.42,-0.03,+0.00,-0.03
X,200,48.28,47.52,46.99,-0.76,-0.53,-1.29
X,220,47.78,47.40,46.26,-0.37,-1.14,-1.52
X,240,46.51,46.25,45.44,-0.26,-0.81,-1.07
X,260,47.58,46.01,45.37,-1.57,-0.65,-2.22
X,280,47.11,47.06,46.78,-0.05,-0.28,-0.33
X,300,46.51,47.33,47.08,+0.82,-0.25,+0.57
Y,30,41.01,45.86,34.50,+4.85,-11.36,-6.51
Y,40,41.84,45.01,37.97,+3.16,-7.03,-3.87
Y,50,42.56,43.08,36.69,+0.53,-6.39,-5.87
Y,60,47.51,47.82,39.94,+0.31,-7.88,-7.57
Y,70,41.40,43.12,38.52,+1.72,-4.60,-2.88
Y,80,45.92,46.95,39.89,+1.04,-7.06,-6.02
Y,90,49.16,50.27,41.11,+1.11,-9.16,-8.05
Y,100,44.10,45.40,42.20,+1.30,-3.20,-1.90
Y,120,46.62,46.23,45.66,-0.39,-0.56,-0.96
Y,140,48.68,48.55,46.20,-0.13,-2.35,-2.48
Y,160,49.35,48.93,46.74,-0.42,-2.19,-2.60
Y,180,49.61,49.90,48.62,+0.29,-1.28,-0.99
Y,200,49.42,49.52,48.92,+0.09,-0.60,-0.50
Y,220,49.17,49.59,48.75,+0.42,-0.84,-0.43
Y,240,49.48,50.21,49.58,+0.72,-0.63,+0.10
Y,260,50.17,50.55,50.12,+0.39,-0.43,-0.04
Y,280,50.55,51.08,50.48,+0.53,-0.60,-0.07
Y,300,50.55,51.41,51.03,+0.86,-0.38,+0.48
